GSS Code,Constituency,MP Full Name,Party
E14000530,Aldershot,Leo Docherty,Conservative
E14000531,Aldridge-Brownhills,Wendy Morton,Conservative
E14000532,Altrincham and Sale West,Graham Brady,Conservative
E14000533,Amber Valley,Nigel Mills,Conservative
E14000534,Arundel and South Downs,Andrew Griffith,Conservative
E14000535,Ashfield,Lee Anderson,Conservative
E14000536,Ashford,Damian Green,Conservative
E14000537,Ashton-under-Lyne,Angela Rayner,Labour
E14000538,Aylesbury,Rob Butler,Conservative
E14000539,Banbury,Victoria Prentis,Conservative
E14000540,Barking,Margaret Hodge,Labour
E14000541,Barnsley Central,Dan Jarvis,Labour
E14000542,Barnsley East,Stephanie Peacock,Labour
E14000543,Barrow and Furness,Simon Fell,Conservative
E14000544,Basildon and Billericay,John Baron,Conservative
E14000545,Basingstoke,Maria Miller,Conservative
E14000546,Bassetlaw,Brendan Clarke-Smith,Conservative
E14000547,Bath,Wera Hobhouse,Liberal Democrat
E14000548,Batley and Spen,Kim Leadbeater,Labour
E14000549,Battersea,Marsha de Cordova,Labour
E14000550,Beaconsfield,Joy Morrissey,Conservative
E14000551,Beckenham,Bob Stewart,Conservative
E14000552,Bedford,Mohammad Yasin,Labour
E14000553,Bermondsey and Old Southwark,Neil Coyle,Labour
E14000554,Berwick-upon-Tweed,Anne-Marie Trevelyan,Conservative
E14000555,Bethnal Green and Bow,Rushanara Ali,Labour
E14000556,Beverley and Holderness,Graham Stuart,Conservative
E14000557,Bexhill and Battle,Huw Merriman,Conservative
E14000558,Bexleyheath and Crayford,David Evennett,Conservative
E14000559,Birkenhead,Mick Whitley,Labour
E14000560,"Birmingham, Edgbaston",Preet Kaur Gill,Labour/Co-operative
E14000561,"Birmingham, Erdington",Paulette Hamilton,Labour
E14000562,"Birmingham, Hall Green",Tahir Ali,Labour
E14000563,"Birmingham, Hodge Hill",Liam Byrne,Labour
E14000564,"Birmingham, Ladywood",Shabana Mahmood,Labour
E14000565,"Birmingham, Northfield",Gary Sambrook,Conservative
E14000566,"Birmingham, Perry Barr",Khalid Mahmood,Labour
E14000567,"Birmingham, Selly Oak",Steve McCabe,Labour
E14000568,"Birmingham, Yardley",Jess Phillips,Labour
E14000569,Bishop Auckland,Dehenna Davison,Conservative
E14000570,Blackburn,Kate Hollern,Labour
E14000571,Blackley and Broughton,Graham Stringer,Labour
E14000572,Blackpool North and Cleveleys,Paul Maynard,Conservative
E14000573,Blackpool South,Scott Benton,Conservative
E14000574,Blaydon,Liz Twist,Labour
E14000575,Blyth Valley,Ian Levy,Conservative
E14000576,Bognor Regis and Littlehampton,Nick Gibb,Conservative
E14000577,Bolsover,Mark Fletcher,Conservative
E14000578,Bolton North East,Mark Logan,Conservative
E14000579,Bolton South East,Yasmin Qureshi,Labour
E14000580,Bolton West,Chris Green,Conservative
E14000581,Bootle,Peter Dowd,Labour
E14000582,Boston and Skegness,Matt Warman,Conservative
E14000583,Bosworth,Luke Evans,Conservative
E14000584,Bournemouth East,Tobias Ellwood,Conservative
E14000585,Bournemouth West,Conor Burns,Conservative
E14000586,Bracknell,James Sunderland,Conservative
E14000587,Bradford East,Imran Hussain,Labour
E14000588,Bradford South,Judith Cummins,Labour
E14000589,Bradford West,Naseem Shah,Labour
E14000590,Braintree,James Cleverly,Conservative
E14000591,Brent Central,Dawn Butler,Labour
E14000592,Brent North,Barry Gardiner,Labour
E14000593,Brentford and Isleworth,Ruth Cadbury,Labour
E14000594,Brentwood and Ongar,Alex Burghart,Conservative
E14000595,Bridgwater and West Somerset,Ian Liddell-Grainger,Conservative
E14000596,Brigg and Goole,Andrew Percy,Conservative
E14000597,"Brighton, Kemptown",Lloyd Russell-Moyle,Labour/Co-operative
E14000598,"Brighton, Pavilion",Caroline Lucas,Green
E14000599,Bristol East,Kerry McCarthy,Labour
E14000600,Bristol North West,Darren Jones,Labour
E14000601,Bristol South,Karin Smyth,Labour
E14000602,Bristol West,Thangam Debbonaire,Labour
E14000603,Broadland,Jerome Mayhew,Conservative
E14000604,Bromley and Chislehurst,Bob Neill,Conservative
E14000605,Bromsgrove,Sajid Javid,Conservative
E14000606,Broxbourne,Charles Walker,Conservative
E14000607,Broxtowe,Darren Henry,Conservative
E14000608,Buckingham,Greg Smith,Conservative
E14000609,Burnley,Antony Higginbotham,Conservative
E14000610,Burton,Kate Kniveton,Conservative
E14000611,Bury North,James Daly,Conservative
E14000612,Bury South,Christian Wakeford,Labour
E14000613,Bury St Edmunds,Jo Churchill,Conservative
E14000614,Calder Valley,Craig Whittaker,Conservative
E14000615,Camberwell and Peckham,Harriet Harman,Labour
E14000616,Camborne and Redruth,George Eustice,Conservative
E14000617,Cambridge,Daniel Zeichner,Labour
E14000618,Cannock Chase,Amanda Milling,Conservative
E14000619,Canterbury,Rosie Duffield,Labour
E14000620,Carlisle,John Stevenson,Conservative
E14000621,Carshalton and Wallington,Elliot Colburn,Conservative
E14000622,Castle Point,Rebecca Harris,Conservative
E14000623,Central Devon,Mel Stride,Conservative
E14000624,Central Suffolk and North Ipswich,Daniel Poulter,Conservative
E14000625,Charnwood,Edward Argar,Conservative
E14000626,Chatham and Aylesford,Tracey Crouch,Conservative
E14000627,Cheadle,Mary Robinson,Conservative
E14000628,Chelmsford,Vicky Ford,Conservative
E14000629,Chelsea and Fulham,Greg Hands,Conservative
E14000630,Cheltenham,Alex Chalk,Conservative
E14000631,Chesham and Amersham,Sarah Green,Liberal Democrat
E14000632,Chesterfield,Toby Perkins,Labour
E14000633,Chichester,Gillian Keegan,Conservative
E14000634,Chingford and Woodford Green,Iain Duncan Smith,Conservative
E14000635,Chippenham,Michelle Donelan,Conservative
E14000636,Chipping Barnet,Theresa Villiers,Conservative
E14000637,Chorley,Lindsay Hoyle,Speaker
E14000638,Christchurch,Christopher Chope,Conservative
E14000639,Cities of London and Westminster,Nickie Aiken,Conservative
E14000640,City of Chester,Chris Matheson,Labour
E14000641,City of Durham,Mary Foy,Labour
E14000642,Clacton,Giles Watling,Conservative
E14000643,Cleethorpes,Martin Vickers,Conservative
E14000644,Colchester,Will Quince,Conservative
E14000645,Colne Valley,Jason McCartney,Conservative
E14000646,Congleton,Fiona Bruce,Conservative
E14000647,Copeland,Trudy Harrison,Conservative
E14000648,Corby,Tom Pursglove,Conservative
E14000649,Coventry North East,Colleen Fletcher,Labour
E14000650,Coventry North West,Taiwo Owatemi,Labour
E14000651,Coventry South,Zarah Sultana,Labour
E14000652,Crawley,Henry Smith,Conservative
E14000653,Crewe and Nantwich,Kieran Mullan,Conservative
E14000654,Croydon Central,Sarah Jones,Labour
E14000655,Croydon North,Steve Reed,Labour/Co-operative
E14000656,Croydon South,Chris Philp,Conservative
E14000657,Dagenham and Rainham,Jon Cruddas,Labour
E14000658,Darlington,Peter Gibson,Conservative
E14000659,Dartford,Gareth Johnson,Conservative
E14000660,Daventry,Chris Heaton-Harris,Conservative
E14000661,Denton and Reddish,Andrew Gwynne,Labour
E14000662,Derby North,Amanda Solloway,Conservative
E14000663,Derby South,Margaret Beckett,Labour
E14000664,Derbyshire Dales,Sarah Dines,Conservative
E14000665,Devizes,Danny Kruger,Conservative
E14000666,Dewsbury,Mark Eastwood,Conservative
E14000667,Don Valley,Nicholas Fletcher,Conservative
E14000668,Doncaster Central,Rosie Winterton,Labour
E14000669,Doncaster North,Ed Miliband,Labour
E14000670,Dover,Natalie Elphicke,Conservative
E14000671,Dudley North,Marco Longhi,Conservative
E14000672,Dudley South,Mike Wood,Conservative
E14000673,Dulwich and West Norwood,Helen Hayes,Labour
E14000674,Ealing Central and Acton,Rupa Huq,Labour
E14000675,Ealing North,James Murray,Labour/Co-operative
E14000676,"Ealing, Southall",Virendra Sharma,Labour
E14000677,Easington,Grahame Morris,Labour
E14000678,East Devon,Simon Jupp,Conservative
E14000679,East Ham,Stephen Timms,Labour
E14000680,East Hampshire,Damian Hinds,Conservative
E14000681,East Surrey,Claire Coutinho,Conservative
E14000682,East Worthing and Shoreham,Tim Loughton,Conservative
E14000683,East Yorkshire,Greg Knight,Conservative
E14000684,Eastbourne,Caroline Ansell,Conservative
E14000685,Eastleigh,Paul Holmes,Conservative
E14000686,Eddisbury,Edward Timpson,Conservative
E14000687,Edmonton,Kate Osamor,Labour/Co-operative
E14000688,Ellesmere Port and Neston,Justin Madders,Labour
E14000689,Elmet and Rothwell,Alec Shelbrooke,Conservative
E14000690,Eltham,Clive Efford,Labour
E14000691,Enfield North,Feryal Clark,Labour
E14000692,"Enfield, Southgate",Bambos Charalambous,Labour
E14000693,Epping Forest,Eleanor Laing,Conservative
E14000694,Epsom and Ewell,Chris Grayling,Conservative
E14000695,Erewash,Maggie Throup,Conservative
E14000696,Erith and Thamesmead,Abena Oppong-Asare,Labour
E14000697,Esher and Walton,Dominic Raab,Conservative
E14000698,Exeter,Ben Bradshaw,Labour
E14000699,Fareham,Suella Braverman,Conservative
E14000700,Faversham and Mid Kent,Helen Whately,Conservative
E14000701,Feltham and Heston,Seema Malhotra,Labour/Co-operative
E14000702,Filton and Bradley Stoke,Jack Lopresti,Conservative
E14000703,Finchley and Golders Green,Mike Freer,Conservative
E14000704,Folkestone and Hythe,Damian Collins,Conservative
E14000705,Forest of Dean,Mark Harper,Conservative
E14000706,Fylde,Mark Menzies,Conservative
E14000707,Gainsborough,Edward Leigh,Conservative
E14000708,Garston and Halewood,Maria Eagle,Labour
E14000709,Gateshead,Ian Mearns,Labour
E14000710,Gedling,Tom Randall,Conservative
E14000711,Gillingham and Rainham,Rehman Chishti,Conservative
E14000712,Gloucester,Richard Graham,Conservative
E14000713,Gosport,Caroline Dinenage,Conservative
E14000714,Grantham and Stamford,Gareth Davies,Conservative
E14000715,Gravesham,Adam Holloway,Conservative
E14000716,Great Grimsby,Lia Nici,Conservative
E14000717,Great Yarmouth,Brandon Lewis,Conservative
E14000718,Greenwich and Woolwich,Matthew Pennycook,Labour
E14000719,Guildford,Angela Richardson,Conservative
E14000720,Hackney North and Stoke Newington,Diane Abbott,Labour
E14000721,Hackney South and Shoreditch,Meg Hillier,Labour/Co-operative
E14000722,Halesowen and Rowley Regis,James Morris,Conservative
E14000723,Halifax,Holly Lynch,Labour
E14000724,Haltemprice and Howden,David Davis,Conservative
E14000725,Halton,Derek Twigg,Labour
E14000726,Hammersmith,Andrew Slaughter,Labour
E14000727,Hampstead and Kilburn,Tulip Siddiq,Labour
E14000728,Harborough,Neil O'Brien,Conservative
E14000729,Harlow,Robert Halfon,Conservative
E14000730,Harrogate and Knaresborough,Andrew Jones,Conservative
E14000731,Harrow East,Bob Blackman,Conservative
E14000732,Harrow West,Gareth Thomas,Labour/Co-operative
E14000733,Hartlepool,Jill Mortimer,Conservative
E14000734,Harwich and North Essex,Bernard Jenkin,Conservative
E14000735,Hastings and Rye,Sally-Ann Hart,Conservative
E14000736,Havant,Alan Mak,Conservative
E14000737,Hayes and Harlington,John Martin McDonnell,Labour
E14000738,Hazel Grove,William Wragg,Conservative
E14000739,Hemel Hempstead,Mike Penning,Conservative
E14000740,Hemsworth,Jon Trickett,Labour
E14000741,Hendon,Matthew Offord,Conservative
E14000742,Henley,John Howell,Conservative
E14000743,Hereford and South Herefordshire,Jesse Norman,Conservative
E14000744,Hertford and Stortford,Julie Marson,Conservative
E14000745,Hertsmere,Oliver Dowden,Conservative
E14000746,Hexham,Guy Opperman,Conservative
E14000747,Heywood and Middleton,Chris Clarkson,Conservative
E14000748,High Peak,Robert Largan,Conservative
E14000749,Hitchin and Harpenden,Bim Afolami,Conservative
E14000750,Holborn and St Pancras,Keir Starmer,Labour
E14000751,Hornchurch and Upminster,Julia Lopez,Conservative
E14000752,Hornsey and Wood Green,Catherine West,Labour
E14000753,Horsham,Jeremy Quin,Conservative
E14000754,Houghton and Sunderland South,Bridget Phillipson,Labour
E14000755,Hove,Peter Kyle,Labour
E14000756,Huddersfield,Barry Sheerman,Labour/Co-operative
E14000757,Huntingdon,Jonathan Djanogly,Conservative
E14000758,Hyndburn,Sara Britcliffe,Conservative
E14000759,Ilford North,Wes Streeting,Labour
E14000760,Ilford South,Sam Tarry,Labour
E14000761,Ipswich,Tom Hunt,Conservative
E14000762,Isle of Wight,Bob Seely,Conservative
E14000763,Islington North,Jeremy Corbyn,Independent
E14000764,Islington South and Finsbury,Emily Thornberry,Labour
E14000765,Jarrow,Kate Osborne,Labour
E14000766,Keighley,Robbie Moore,Conservative
E14000767,Kenilworth and Southam,Jeremy Wright,Conservative
E14000768,Kensington,Felicity Buchan,Conservative
E14000769,Kettering,Philip Hollobone,Conservative
E14000770,Kingston and Surbiton,Edward Davey,Liberal Democrat
E14000771,Kingston upon Hull East,Karl Turner,Labour
E14000772,Kingston upon Hull North,Diana R. Johnson,Labour
E14000773,Kingston upon Hull West and Hessle,Emma Hardy,Labour
E14000774,Kingswood,Chris Skidmore,Conservative
E14000775,Knowsley,George Howarth,Labour
E14000776,Lancaster and Fleetwood,Cat Smith,Labour
E14000777,Leeds Central,Hilary Benn,Labour
E14000778,Leeds East,Richard Burgon,Labour
E14000779,Leeds North East,Fabian Hamilton,Labour
E14000780,Leeds North West,Alex Sobel,Labour/Co-operative
E14000781,Leeds West,Rachel Reeves,Labour
E14000782,Leicester East,Claudia Webbe,Independent
E14000783,Leicester South,Jon Ashworth,Labour
E14000784,Leicester West,Liz Kendall,Labour
E14000785,Leigh,James Grundy,Conservative
E14000786,Lewes,Maria Caulfield,Conservative
E14000787,Lewisham East,Janet Daby,Labour
E14000788,Lewisham West and Penge,Ellie Reeves,Labour
E14000789,"Lewisham, Deptford",Vicky Foxcroft,Labour
E14000790,Leyton and Wanstead,John Cryer,Labour
E14000791,Lichfield,Michael Fabricant,Conservative
E14000792,Lincoln,Karl McCartney,Conservative
E14000793,"Liverpool, Riverside",Kim Johnson,Labour
E14000794,"Liverpool, Walton",Dan Carden,Labour
E14000795,"Liverpool, Wavertree",Paula Barker,Labour
E14000796,"Liverpool, West Derby",Ian Byrne,Labour
E14000797,Loughborough,Jane Hunt,Conservative
E14000798,Louth and Horncastle,Victoria Atkins,Conservative
E14000799,Ludlow,Philip Dunne,Conservative
E14000800,Luton North,Sarah Owen,Labour
E14000801,Luton South,Rachel Hopkins,Labour
E14000802,Macclesfield,David Rutley,Conservative
E14000803,Maidenhead,Theresa May,Conservative
E14000804,Maidstone and The Weald,Helen Grant,Conservative
E14000805,Makerfield,Yvonne Fovargue,Labour
E14000806,Maldon,John Whittingdale,Conservative
E14000807,Manchester Central,Lucy Powell,Labour/Co-operative
E14000808,"Manchester, Gorton",Afzal Khan,Labour
E14000809,"Manchester, Withington",Jeff Smith,Labour
E14000810,Mansfield,Ben Bradley,Conservative
E14000811,Meon Valley,Flick Drummond,Conservative
E14000812,Meriden,Saqib Bhatti,Conservative
E14000813,Mid Bedfordshire,Nadine Dorries,Conservative
E14000814,Mid Derbyshire,Pauline Latham,Conservative
E14000815,Mid Dorset and North Poole,Michael Tomlinson,Conservative
E14000816,Mid Norfolk,George Freeman,Conservative
E14000817,Mid Sussex,Mims Davies,Conservative
E14000818,Mid Worcestershire,Nigel Huddleston,Conservative
E14000819,Middlesbrough,Andy McDonald,Labour
E14000820,Middlesbrough South and East Cleveland,Simon Clarke,Conservative
E14000821,Milton Keynes North,Ben Everitt,Conservative
E14000822,Milton Keynes South,Iain Stewart,Conservative
E14000823,Mitcham and Morden,Siobhain McDonagh,Labour
E14000824,Mole Valley,Paul Beresford,Conservative
E14000825,Morecambe and Lunesdale,David Morris,Conservative
E14000826,Morley and Outwood,Andrea Jenkyns,Conservative
E14000827,New Forest East,Julian Lewis,Independent
E14000828,New Forest West,Desmond Swayne,Conservative
E14000829,Newark,Robert Jenrick,Conservative
E14000830,Newbury,Laura Farris,Conservative
E14000831,Newcastle upon Tyne Central,Chi Onwurah,Labour
E14000832,Newcastle upon Tyne East,Nick Brown,Labour
E14000833,Newcastle upon Tyne North,Catherine McKinnell,Labour
E14000834,Newcastle-under-Lyme,Aaron Bell,Conservative
E14000835,Newton Abbot,Anne Marie Morris,Conservative
E14000836,"Normanton, Pontefract and Castleford",Yvette Cooper,Labour
E14000837,North Cornwall,Scott Mann,Conservative
E14000838,North Devon,Selaine Saxby,Conservative
E14000839,North Dorset,Simon Hoare,Conservative
E14000840,North Durham,Kevan Jones,Labour
E14000841,North East Bedfordshire,Richard Fuller,Conservative
E14000842,North East Cambridgeshire,Steve Barclay,Conservative
E14000843,North East Derbyshire,Lee Rowley,Conservative
E14000844,North East Hampshire,Ranil Jayawardena,Conservative
E14000845,North East Hertfordshire,Oliver Heald,Conservative
E14000846,North East Somerset,Jacob Rees-Mogg,Conservative
E14000847,North Herefordshire,Bill Wiggin,Conservative
E14000848,North Norfolk,Duncan Baker,Conservative
E14000849,North Shropshire,Helen Morgan,Liberal Democrat
E14000850,North Somerset,Liam Fox,Conservative
E14000851,North Swindon,Justin Tomlinson,Conservative
E14000852,North Thanet,Roger Gale,Conservative
E14000853,North Tyneside,Mary Glindon,Labour
E14000854,North Warwickshire,Craig Tracey,Conservative
E14000855,North West Cambridgeshire,Shailesh Vara,Conservative
E14000856,North West Durham,Richard Holden,Conservative
E14000857,North West Hampshire,Kit Malthouse,Conservative
E14000858,North West Leicestershire,Andrew Bridgen,Conservative
E14000859,North West Norfolk,James Wild,Conservative
E14000860,North Wiltshire,James Gray,Conservative
E14000861,Northampton North,Michael Ellis,Conservative
E14000862,Northampton South,Andrew Lewer,Conservative
E14000863,Norwich North,Chloe Smith,Conservative
E14000864,Norwich South,Clive Lewis,Labour
E14000865,Nottingham East,Nadia Whittome,Labour
E14000866,Nottingham North,Alex Norris,Labour/Co-operative
E14000867,Nottingham South,Lilian Greenwood,Labour
E14000868,Nuneaton,Marcus Jones,Conservative
E14000869,Old Bexley and Sidcup,Louie French,Conservative
E14000870,Oldham East and Saddleworth,Debbie Abrahams,Labour
E14000871,Oldham West and Royton,Jim McMahon,Labour/Co-operative
E14000872,Orpington,Gareth Bacon,Conservative
E14000873,Oxford East,Anneliese Dodds,Labour/Co-operative
E14000874,Oxford West and Abingdon,Layla Moran,Liberal Democrat
E14000875,Pendle,Andrew Stephenson,Conservative
E14000876,Penistone and Stocksbridge,Miriam Cates,Conservative
E14000877,Penrith and The Border,Neil Hudson,Conservative
E14000878,Peterborough,Paul Bristow,Conservative
E14000879,"Plymouth, Moor View",Johnny Mercer,Conservative
E14000880,"Plymouth, Sutton and Devonport",Luke Pollard,Labour/Co-operative
E14000881,Poole,Robert Syms,Conservative
E14000882,Poplar and Limehouse,Apsana Begum,Labour
E14000883,Portsmouth North,Penny Mordaunt,Conservative
E14000884,Portsmouth South,Stephen Morgan,Labour
E14000885,Preston,Mark Hendrick,Labour/Co-operative
E14000886,Pudsey,Stuart Andrew,Conservative
E14000887,Putney,Fleur Anderson,Labour
E14000888,Rayleigh and Wickford,Mark Francois,Conservative
E14000889,Reading East,Matt Rodda,Labour
E14000890,Reading West,Alok Sharma,Conservative
E14000891,Redcar,Jacob Young,Conservative
E14000892,Redditch,Rachel Maclean,Conservative
E14000893,Reigate,Crispin Blunt,Conservative
E14000894,Ribble Valley,Nigel Evans,Conservative
E14000895,Richmond (Yorks),Rishi Sunak,Conservative
E14000896,Richmond Park,Sarah Olney,Liberal Democrat
E14000897,Rochdale,Tony Lloyd,Labour
E14000898,Rochester and Strood,Kelly Tolhurst,Conservative
E14000899,Rochford and Southend East,James Duddridge,Conservative
E14000900,Romford,Andrew Rosindell,Conservative
E14000901,Romsey and Southampton North,Caroline Nokes,Conservative
E14000902,Rossendale and Darwen,Jake Berry,Conservative
E14000903,Rother Valley,Alexander Stafford,Conservative
E14000904,Rotherham,Sarah Champion,Labour
E14000905,Rugby,Mark Pawsey,Conservative
E14000906,"Ruislip, Northwood and Pinner",David Simmonds,Conservative
E14000907,Runnymede and Weybridge,Ben Spencer,Conservative
E14000908,Rushcliffe,Ruth Edwards,Conservative
E14000909,Rutland and Melton,Alicia Kearns,Conservative
E14000910,Saffron Walden,Kemi Badenoch,Conservative
E14000911,Salford and Eccles,Rebecca Long-Bailey,Labour
E14000912,Salisbury,John Glen,Conservative
E14000913,Scarborough and Whitby,Robert Goodwill,Conservative
E14000914,Scunthorpe,Holly Mumby-Croft,Conservative
E14000915,Sedgefield,Paul Howell,Conservative
E14000916,Sefton Central,Bill Esterson,Labour
E14000917,Selby and Ainsty,Nigel Adams,Conservative
E14000918,Sevenoaks,Laura Trott,Conservative
E14000919,Sheffield Central,Paul Blomfield,Labour
E14000920,Sheffield South East,Clive Betts,Labour
E14000921,"Sheffield, Brightside and Hillsborough",Gill Furniss,Labour
E14000922,"Sheffield, Hallam",Olivia Blake,Labour
E14000923,"Sheffield, Heeley",Louise Haigh,Labour
E14000924,Sherwood,Mark Spencer,Conservative
E14000925,Shipley,Philip Davies,Conservative
E14000926,Shrewsbury and Atcham,Daniel Kawczynski,Conservative
E14000927,Sittingbourne and Sheppey,Gordon Henderson,Conservative
E14000928,Skipton and Ripon,Julian Smith,Conservative
E14000929,Sleaford and North Hykeham,Caroline Johnson,Conservative
E14000930,Slough,Tan Dhesi,Labour
E14000931,Solihull,Julian Knight,Conservative
E14000932,Somerton and Frome,David Warburton,Conservative
E14000933,South Basildon and East Thurrock,Stephen Metcalfe,Conservative
E14000934,South Cambridgeshire,Anthony Browne,Conservative
E14000935,South Derbyshire,Heather Wheeler,Conservative
E14000936,South Dorset,Richard Drax,Conservative
E14000937,South East Cambridgeshire,Lucy Frazer,Conservative
E14000938,South East Cornwall,Sheryll Murray,Conservative
E14000939,South Holland and The Deepings,John Hayes,Conservative
E14000940,South Leicestershire,Alberto Costa,Conservative
E14000941,South Norfolk,Richard Bacon,Conservative
E14000942,South Northamptonshire,Andrea Leadsom,Conservative
E14000943,South Ribble,Katherine Fletcher,Conservative
E14000944,South Shields,Emma Lewell-Buck,Labour
E14000945,South Staffordshire,Gavin Williamson,Conservative
E14000946,South Suffolk,James Cartlidge,Conservative
E14000947,South Swindon,Robert Buckland,Conservative
E14000948,South Thanet,Craig Mackinlay,Conservative
E14000949,South West Bedfordshire,Andrew Selous,Conservative
E14000950,South West Devon,Gary Streeter,Conservative
E14000951,South West Hertfordshire,Gagan Mohindra,Conservative
E14000952,South West Norfolk,Elizabeth Truss,Conservative
E14000953,South West Surrey,Jeremy Hunt,Conservative
E14000954,South West Wiltshire,Andrew Murrison,Conservative
E14000955,"Southampton, Itchen",Royston Smith,Conservative
E14000956,"Southampton, Test",Alan Whitehead,Labour
E14000957,Southend West,Anna Firth,Conservative
E14000958,Southport,Damien Moore,Conservative
E14000959,Spelthorne,Kwasi Kwarteng,Conservative
E14000960,St Albans,Daisy Cooper,Liberal Democrat
E14000961,St Austell and Newquay,Steve Double,Conservative
E14000962,St Helens North,Conor McGinn,Labour
E14000963,St Helens South and Whiston,Marie Rimmer,Labour
E14000964,St Ives,Derek Thomas,Conservative
E14000965,Stafford,Theo Clarke,Conservative
E14000966,Staffordshire Moorlands,Karen Bradley,Conservative
E14000967,Stalybridge and Hyde,Jonathan Reynolds,Labour/Co-operative
E14000968,Stevenage,Stephen McPartland,Conservative
E14000969,Stockport,Navendu Mishra,Labour
E14000970,Stockton North,Alex Cunningham,Labour
E14000971,Stockton South,Matt Vickers,Conservative
E14000972,Stoke-on-Trent Central,Jo Gideon,Conservative
E14000973,Stoke-on-Trent North,Jonathan Gullis,Conservative
E14000974,Stoke-on-Trent South,Jack Brereton,Conservative
E14000975,Stone,Bill Cash,Conservative
E14000976,Stourbridge,Suzanne Webb,Conservative
E14000977,Stratford-on-Avon,Nadhim Zahawi,Conservative
E14000978,Streatham,Bell Ribeiro-Addy,Labour
E14000979,Stretford and Urmston,Kate Green,Labour
E14000980,Stroud,Siobhan Baillie,Conservative
E14000981,Suffolk Coastal,Therese Coffey,Conservative
E14000982,Sunderland Central,Julie Elliott,Labour
E14000983,Surrey Heath,Michael Gove,Conservative
E14000984,Sutton and Cheam,Paul Scully,Conservative
E14000985,Sutton Coldfield,Andrew Mitchell,Conservative
E14000986,Tamworth,Christopher Pincher,Conservative
E14000987,Tatton,Esther McVey,Conservative
E14000988,Taunton Deane,Rebecca Pow,Conservative
E14000989,Telford,Lucy Allan,Conservative
E14000990,Tewkesbury,Laurence Robertson,Conservative
E14000991,The Cotswolds,Geoffrey Clifton-Brown,Conservative
E14000992,The Wrekin,Mark Pritchard,Conservative
E14000993,Thirsk and Malton,Kevin Hollinrake,Conservative
E14000994,Thornbury and Yate,Luke Hall,Conservative
E14000995,Thurrock,Jackie Doyle-Price,Conservative
E14000996,Tiverton and Honiton,Richard Foord,Liberal Democrat
E14000997,Tonbridge and Malling,Thomas Tugendhat,Conservative
E14000998,Tooting,Rosena Allin-Khan,Labour
E14000999,Torbay,Kevin Foster,Conservative
E14001000,Torridge and West Devon,Geoffrey Cox,Conservative
E14001001,Totnes,Anthony Mangnall,Conservative
E14001002,Tottenham,David Lammy,Labour
E14001003,Truro and Falmouth,Cherilyn Mackrory,Conservative
E14001004,Tunbridge Wells,Greg Clark,Conservative
E14001005,Twickenham,Munira Wilson,Liberal Democrat
E14001006,Tynemouth,Alan Campbell,Labour
E14001007,Uxbridge and South Ruislip,Boris Johnson,Conservative
E14001008,Vauxhall,Florence Eshalomi,Labour/Co-operative
E14001009,Wakefield,Simon Lightwood,Labour
E14001010,Wallasey,Angela Eagle,Labour
E14001011,Walsall North,Eddie Hughes,Conservative
E14001012,Walsall South,Valerie Vaz,Labour
E14001013,Walthamstow,Stella Creasy,Labour/Co-operative
E14001014,Wansbeck,Ian Lavery,Labour
E14001015,Wantage,David Johnston,Conservative
E14001016,Warley,John Spellar,Labour
E14001017,Warrington North,Charlotte Nichols,Labour
E14001018,Warrington South,Andy Carter,Conservative
E14001019,Warwick and Leamington,Matt Western,Labour
E14001020,Washington and Sunderland West,Sharon Hodgson,Labour
E14001021,Watford,Dean Russell,Conservative
E14001022,Waveney,Peter Aldous,Conservative
E14001023,Wealden,Nusrat Ghani,Conservative
E14001024,Weaver Vale,Mike Amesbury,Labour
E14001025,Wellingborough,Peter Bone,Conservative
E14001026,Wells,James Heappey,Conservative
E14001027,Welwyn Hatfield,Grant Shapps,Conservative
E14001028,Wentworth and Dearne,John Healey,Labour
E14001029,West Bromwich East,Nicola Richards,Conservative
E14001030,West Bromwich West,Shaun Bailey,Conservative
E14001031,West Dorset,Chris Loder,Conservative
E14001032,West Ham,Lyn Brown,Labour
E14001033,West Lancashire,Rosie Cooper,Labour
E14001034,West Suffolk,Matthew Hancock,Conservative
E14001035,West Worcestershire,Harriett Baldwin,Conservative
E14001036,Westminster North,Karen Buck,Labour
E14001037,Westmorland and Lonsdale,Tim Farron,Liberal Democrat
E14001038,Weston-super-Mare,John Penrose,Conservative
E14001039,Wigan,Lisa Nandy,Labour
E14001040,Wimbledon,Stephen Hammond,Conservative
E14001041,Winchester,Steve Brine,Conservative
E14001042,Windsor,Adam Afriyie,Conservative
E14001043,Wirral South,Alison McGovern,Labour
E14001044,Wirral West,Margaret Greenwood,Labour
E14001045,Witham,Priti Patel,Conservative
E14001046,Witney,Robert Courts,Conservative
E14001047,Woking,Jonathan Lord,Conservative
E14001048,Wokingham,John Redwood,Conservative
E14001049,Wolverhampton North East,Jane Stevenson,Conservative
E14001050,Wolverhampton South East,Pat McFadden,Labour
E14001051,Wolverhampton South West,Stuart Anderson,Conservative
E14001052,Worcester,Robin Walker,Conservative
E14001053,Workington,Mark Jenkinson,Conservative
E14001054,Worsley and Eccles South,Barbara Keeley,Labour
E14001055,Worthing West,Peter Bottomley,Conservative
E14001056,Wycombe,Steven Baker,Conservative
E14001057,Wyre and Preston North,Ben Wallace,Conservative
E14001058,Wyre Forest,Mark Garnier,Conservative
E14001059,Wythenshawe and Sale East,Mike Kane,Labour
E14001060,Yeovil,Marcus Fysh,Conservative
E14001061,York Central,Rachael Maskell,Labour/Co-operative
E14001062,York Outer,Julian Sturdy,Conservative
N06000001,Belfast East,Gavin Robinson,DUP
N06000002,Belfast North,John Finucane,Sinn Féin
N06000003,Belfast South,Claire Hanna,Social Democratic and Labour Party
N06000004,Belfast West,Paul Maskey,Sinn Féin
N06000005,East Antrim,Sammy Wilson,DUP
N06000006,East Londonderry,Gregory Campbell,DUP
N06000007,Fermanagh and South Tyrone,Michelle Gildernew,Sinn Féin
N06000008,Foyle,Colum Eastwood,Social Democratic and Labour Party
N06000009,Lagan Valley,Jeffrey M. Donaldson,DUP
N06000010,Mid Ulster,Francie Molloy,Sinn Féin
N06000011,Newry and Armagh,Mickey Brady,Sinn Féin
N06000012,North Antrim,Ian Paisley Jnr,DUP
N06000013,North Down,Stephen Farry,Alliance
N06000014,South Antrim,Paul Girvan,DUP
N06000015,South Down,Christopher Hazzard,Sinn Féin
N06000016,Strangford,Jim Shannon,DUP
N06000017,Upper Bann,Carla Lockhart,DUP
N06000018,West Tyrone,Órfhlaith Begley,Sinn Féin
S14000001,Aberdeen North,Kirsty Blackman,Scottish National Party
S14000002,Aberdeen South,Stephen Flynn,Scottish National Party
S14000003,Airdrie and Shotts,Anum Qaisar,Scottish National Party
S14000004,Angus,Dave Doogan,Scottish National Party
S14000005,Argyll and Bute,Brendan O'Hara,Scottish National Party
S14000006,"Ayr, Carrick and Cumnock",Allan Dorans,Scottish National Party
S14000007,Banff and Buchan,David Duguid,Conservative
S14000008,"Berwickshire, Roxburgh and Selkirk",John Lamont,Conservative
S14000009,"Caithness, Sutherland and Easter Ross",Jamie Stone,Liberal Democrat
S14000010,Central Ayrshire,Philippa Whitford,Scottish National Party
S14000011,"Coatbridge, Chryston and Bellshill",Steven Bonnar,Scottish National Party
S14000012,"Cumbernauld, Kilsyth and Kirkintilloch East",Stuart McDonald,Scottish National Party
S14000013,Dumfries and Galloway,Alister Jack,Conservative
S14000014,"Dumfriesshire, Clydesdale and Tweeddale",David Mundell,Conservative
S14000015,Dundee East,Stewart Hosie,Scottish National Party
S14000016,Dundee West,Chris Law,Scottish National Party
S14000017,Dunfermline and West Fife,Douglas Chapman,Scottish National Party
S14000018,East Dunbartonshire,Amy Callaghan,Scottish National Party
S14000019,"East Kilbride, Strathaven and Lesmahagow",Lisa Cameron,Scottish National Party
S14000020,East Lothian,Kenny MacAskill,Alba
S14000021,East Renfrewshire,Kirsten Oswald,Scottish National Party
S14000022,Edinburgh East,Tommy Sheppard,Scottish National Party
S14000023,Edinburgh North and Leith,Deidre Brock,Scottish National Party
S14000024,Edinburgh South,Ian Murray,Labour
S14000025,Edinburgh South West,Joanna Cherry,Scottish National Party
S14000026,Edinburgh West,Christine Jardine,Liberal Democrat
S14000027,Na h-Eileanan an Iar,Angus MacNeil,Scottish National Party
S14000028,Falkirk,John McNally,Scottish National Party
S14000029,Glasgow Central,Alison Thewliss,Scottish National Party
S14000030,Glasgow East,David Linden,Scottish National Party
S14000031,Glasgow North,Patrick Grady,Scottish National Party
S14000032,Glasgow North East,Anne McLaughlin,Scottish National Party
S14000033,Glasgow North West,Carol Monaghan,Scottish National Party
S14000034,Glasgow South,Stewart McDonald,Scottish National Party
S14000035,Glasgow South West,Chris Stephens,Scottish National Party
S14000036,Glenrothes,Peter Grant,Scottish National Party
S14000037,Gordon,Richard Thomson,Scottish National Party
S14000038,Inverclyde,Ronnie Cowan,Scottish National Party
S14000039,"Inverness, Nairn, Badenoch and Strathspey",Drew Hendry,Scottish National Party
S14000040,Kilmarnock and Loudoun,Alan Brown,Scottish National Party
S14000041,Kirkcaldy and Cowdenbeath,Neale Hanvey,Alba
S14000042,Lanark and Hamilton East,Angela Crawley,Scottish National Party
S14000043,Linlithgow and East Falkirk,Martyn Day,Scottish National Party
S14000044,Livingston,Hannah Bardell,Scottish National Party
S14000045,Midlothian,Owen Thompson,Scottish National Party
S14000046,Moray,Douglas Ross,Conservative
S14000047,Motherwell and Wishaw,Marion Fellows,Scottish National Party
S14000048,North Ayrshire and Arran,Patricia Gibson,Scottish National Party
S14000049,North East Fife,Wendy Chamberlain,Liberal Democrat
S14000050,Ochil and South Perthshire,John Nicolson,Scottish National Party
S14000051,Orkney and Shetland,Alistair Carmichael,Liberal Democrat
S14000052,Paisley and Renfrewshire North,Gavin Newlands,Scottish National Party
S14000053,Paisley and Renfrewshire South,Mhairi Black,Scottish National Party
S14000054,Perth and North Perthshire,Pete Wishart,Scottish National Party
S14000055,"Ross, Skye and Lochaber",Ian Blackford,Scottish National Party
S14000056,Rutherglen and Hamilton West,Margaret Ferrier,Independent
S14000057,Stirling,Alyn Smith,Scottish National Party
S14000058,West Aberdeenshire and Kincardine,Andrew Bowie,Conservative
S14000059,West Dunbartonshire,Martin Docherty,Scottish National Party
W07000041,Ynys Môn,Virginia Crosbie,Conservative
W07000042,Delyn,Rob Roberts,Independent
W07000043,Alyn and Deeside,Mark Tami,Labour
W07000044,Wrexham,Sarah Atherton,Conservative
W07000045,Llanelli,Nia Griffith,Labour
W07000046,Gower,Tonia Antoniazzi,Labour
W07000047,Swansea West,Geraint Davies,Labour
W07000048,Swansea East,Carolyn Harris,Labour
W07000049,Aberavon,Stephen Kinnock,Labour
W07000050,Cardiff Central,Jo Stevens,Labour
W07000051,Cardiff North,Anna McMorrin,Labour
W07000052,Rhondda,Chris Bryant,Labour
W07000053,Torfaen,Nick Thomas-Symonds,Labour
W07000054,Monmouth,David Davies,Conservative
W07000055,Newport East,Jessica Morden,Labour
W07000056,Newport West,Ruth Jones,Labour
W07000057,Arfon,Hywel Williams,Plaid Cymru
W07000058,Aberconwy,Robin Millar,Conservative
W07000059,Clwyd West,David Jones,Conservative
W07000060,Vale of Clwyd,James Davies,Conservative
W07000061,Dwyfor Meirionnydd,Liz Saville-Roberts,Plaid Cymru
W07000062,Clwyd South,Simon Baynes,Conservative
W07000063,Montgomeryshire,Craig Williams,Conservative
W07000064,Ceredigion,Ben Lake,Plaid Cymru
W07000065,Preseli Pembrokeshire,Stephen Crabb,Conservative
W07000066,Carmarthen West and South Pembrokeshire,Simon Hart,Conservative
W07000067,Carmarthen East and Dinefwr,Jonathan Edwards,Independent
W07000068,Brecon and Radnorshire,Fay Jones,Conservative
W07000069,Neath,Christina Rees,Labour/Co-operative
W07000070,Cynon Valley,Beth Winter,Labour
W07000071,Merthyr Tydfil and Rhymney,Gerald Jones,Labour
W07000072,Blaenau Gwent,Nick Smith,Labour
W07000073,Bridgend,Jamie Wallis,Conservative
W07000074,Ogmore,Chris Elmore,Labour
W07000075,Pontypridd,Alex Davies-Jones,Labour
W07000076,Caerphilly,Wayne David,Labour
W07000077,Islwyn,Chris Evans,Labour/Co-operative
W07000078,Vale of Glamorgan,Alun Cairns,Conservative
W07000079,Cardiff West,Kevin Brennan,Labour
W07000080,Cardiff South and Penarth,Stephen Doughty,Labour/Co-operative
